{"cameraMode":{"drawMode":0,"name":"Shaded","section":"Shading Mode"},"sceneLighting":false,"audioPlay":false,"sceneViewState":{"showFog":true,"showMaterialUpdate":false,"showSkybox":false,"showFlares":true,"showImageEffects":true,"showParticleSystems":true,"showVisualEffectGraphs":true,"m_FxEnabled":true},"in2DMode":false,"pivot":{"x":-0.4999999403953552,"y":1.1484355926513672,"z":0.0005492866039276123},"rotation":{"x":0.11367014050483704,"y":0.6102097630500794,"z":-0.08904273062944412,"w":0.7789812088012695},"size":1.269681692123413,"orthographic":true}