{"cameraMode":{"drawMode":0,"name":"Shaded","section":"Shading Mode"},"sceneLighting":false,"audioPlay":false,"sceneViewState":{"showFog":true,"showMaterialUpdate":false,"showSkybox":false,"showFlares":true,"showImageEffects":true,"showParticleSystems":true,"showVisualEffectGraphs":true,"m_FxEnabled":true},"in2DMode":false,"pivot":{"x":-0.4999998211860657,"y":1.1484355926513672,"z":0.0005490630865097046},"rotation":{"x":0.05518844723701477,"y":0.6508657336235046,"z":-0.047530706971883777,"w":0.7557027339935303},"size":1.2696815729141236,"orthographic":true}