{"cameraMode":{"drawMode":0,"name":"Shaded","section":"Shading Mode"},"sceneLighting":true,"audioPlay":false,"sceneViewState":{"showFog":true,"showMaterialUpdate":false,"showSkybox":true,"showFlares":true,"showImageEffects":true,"showParticleSystems":true,"showVisualEffectGraphs":true,"m_FxEnabled":true},"in2DMode":false,"pivot":{"x":0.31847232580184939,"y":0.5333203673362732,"z":-0.16051101684570313},"rotation":{"x":0.032882604748010638,"y":0.9637148976325989,"z":-0.22393004596233369,"w":0.14151473343372346},"size":1.0428721904754639,"orthographic":false}