{"cameraMode":{"drawMode":0,"name":"Shaded","section":"Shading Mode"},"sceneLighting":false,"audioPlay":false,"sceneViewState":{"showFog":true,"showMaterialUpdate":false,"showSkybox":false,"showFlares":true,"showImageEffects":true,"showParticleSystems":true,"showVisualEffectGraphs":true,"m_FxEnabled":true},"in2DMode":false,"pivot":{"x":0.013363033533096314,"y":0.7728960514068604,"z":-0.016083985567092897},"rotation":{"x":-0.008306500501930714,"y":0.9916086792945862,"z":-0.08739479631185532,"w":-0.0952017679810524},"size":0.9601231813430786,"orthographic":true}