{"cameraMode":{"drawMode":0,"name":"Shaded","section":"Shading Mode"},"sceneLighting":false,"audioPlay":false,"sceneViewState":{"showFog":true,"showMaterialUpdate":false,"showSkybox":false,"showFlares":true,"showImageEffects":true,"showParticleSystems":true,"showVisualEffectGraphs":true,"m_FxEnabled":true},"in2DMode":false,"pivot":{"x":0.05209696292877197,"y":0.37296628952026369,"z":0.2581603527069092},"rotation":{"x":0.15267497301101685,"y":0.843501091003418,"z":-0.4052780568599701,"w":0.31778499484062197},"size":2.941178321838379,"orthographic":false}