{"cameraMode":{"drawMode":0,"name":"Shaded","section":"Shading Mode"},"sceneLighting":false,"audioPlay":false,"sceneViewState":{"showFog":true,"showMaterialUpdate":false,"showSkybox":false,"showFlares":true,"showImageEffects":true,"showParticleSystems":true,"showVisualEffectGraphs":true,"m_FxEnabled":true},"in2DMode":false,"pivot":{"x":0.051653534173965457,"y":0.5868706107139587,"z":0.004343479871749878},"rotation":{"x":0.3815266489982605,"y":0.6154393553733826,"z":-0.446711003780365,"w":0.5255290269851685},"size":0.681494951248169,"orthographic":true}