{"cameraMode":{"drawMode":0,"name":"Shaded","section":"Shading Mode"},"sceneLighting":false,"audioPlay":false,"sceneViewState":{"showFog":true,"showMaterialUpdate":false,"showSkybox":false,"showFlares":true,"showImageEffects":true,"showParticleSystems":true,"showVisualEffectGraphs":true,"m_FxEnabled":true},"in2DMode":false,"pivot":{"x":0.0265347957611084,"y":0.03714871406555176,"z":0.0012013912200927735},"rotation":{"x":0.2521917521953583,"y":-0.08261218667030335,"z":0.0216192789375782,"w":0.963909924030304},"size":0.20811133086681367,"orthographic":true}