{"cameraMode":{"drawMode":0,"name":"Shaded","section":"Shading Mode"},"sceneLighting":false,"audioPlay":false,"sceneViewState":{"showFog":true,"showMaterialUpdate":false,"showSkybox":false,"showFlares":true,"showImageEffects":true,"showParticleSystems":true,"showVisualEffectGraphs":true,"m_FxEnabled":true},"in2DMode":false,"pivot":{"x":-0.4999999403953552,"y":1.1484355926513672,"z":0.0005495250225067139},"rotation":{"x":0.13189901411533357,"y":0.5415820479393005,"z":-0.08651085942983628,"w":0.8257266283035278},"size":1.2696815729141236,"orthographic":true}