{"cameraMode":{"drawMode":0,"name":"Shaded","section":"Shading Mode"},"sceneLighting":false,"audioPlay":false,"sceneViewState":{"showFog":true,"showMaterialUpdate":false,"showSkybox":false,"showFlares":true,"showImageEffects":true,"showParticleSystems":true,"showVisualEffectGraphs":true,"m_FxEnabled":true},"in2DMode":false,"pivot":{"x":3.270794153213501,"y":0.19280529022216798,"z":2.338827133178711},"rotation":{"x":0.42356324195861819,"y":0.25102710723876955,"z":-0.12341472506523133,"w":0.8616212606430054},"size":2.0089478492736818,"orthographic":false}