{"cameraMode":{"drawMode":0,"name":"Shaded","section":"Shading Mode"},"sceneLighting":false,"audioPlay":false,"sceneViewState":{"showFog":true,"showMaterialUpdate":false,"showSkybox":false,"showFlares":true,"showImageEffects":true,"showParticleSystems":true,"showVisualEffectGraphs":true,"m_FxEnabled":true},"in2DMode":false,"pivot":{"x":-0.4999998211860657,"y":1.1484355926513672,"z":0.0005494654178619385},"rotation":{"x":0.16885976493358613,"y":0.41006237268447878,"z":-0.07754579931497574,"w":0.8929387927055359},"size":1.269681692123413,"orthographic":true}