{"cameraMode":{"drawMode":0,"name":"Shaded","section":"Shading Mode"},"sceneLighting":false,"audioPlay":false,"sceneViewState":{"showFog":true,"showMaterialUpdate":false,"showSkybox":false,"showFlares":true,"showImageEffects":true,"showParticleSystems":true,"showVisualEffectGraphs":true,"m_FxEnabled":true},"in2DMode":false,"pivot":{"x":0.4999997019767761,"y":1.1484357118606568,"z":-0.07434114813804627},"rotation":{"x":0.17556063830852509,"y":0.12368599325418472,"z":-0.022239966318011285,"w":0.9764193296432495},"size":1.2850302457809449,"orthographic":true}