{"cameraMode":{"drawMode":0,"name":"Shaded","section":"Shading Mode"},"sceneLighting":false,"audioPlay":false,"sceneViewState":{"showFog":true,"showMaterialUpdate":false,"showSkybox":false,"showFlares":true,"showImageEffects":true,"showParticleSystems":true,"showVisualEffectGraphs":true,"m_FxEnabled":true},"in2DMode":false,"pivot":{"x":0.0036889314651489259,"y":0.9285500049591065,"z":0.17950209975242616},"rotation":{"x":-0.01593003422021866,"y":-0.9806788563728333,"z":0.08936922997236252,"w":-0.17358019948005677},"size":1.1345030069351197,"orthographic":true}