{"cameraMode":{"drawMode":0,"name":"Shaded","section":"Shading Mode"},"sceneLighting":false,"audioPlay":false,"sceneViewState":{"showFog":true,"showMaterialUpdate":false,"showSkybox":false,"showFlares":true,"showImageEffects":true,"showParticleSystems":true,"showVisualEffectGraphs":true,"m_FxEnabled":true},"in2DMode":false,"pivot":{"x":1.4887256622314454,"y":1.1484358310699463,"z":-0.06976872682571411},"rotation":{"x":0.0035659654531627895,"y":0.40502092242240908,"z":-0.001578739145770669,"w":0.9143061637878418},"size":1.9191251993179322,"orthographic":true}